SMILES,Input_SMILES,Tanimoto,NLL
O=C(O)Cn1cc(Cc2ccccc2)nn1,O=C(O)Cn1cc(CSc2ccccc2)nn1,0.6964285714285714,2.1696887016296387
O=C(O)Cn1cc(CCc2ccccc2)nn1,O=C(O)Cn1cc(CSc2ccccc2)nn1,0.6610169491525424,2.309846878051758
O=C(O)Cn1cc(CSc2ccc(-c3ccccc3)cc2)nn1,O=C(O)Cn1cc(CSc2ccccc2)nn1,0.6811594202898551,3.668806791305542
