SMILES,Input_SMILES,Tanimoto,NLL
CN1CCSc2ccccc2C1,COc1ccc2c(c1)CN(C)CCS2,0.5625,2.055457353591919
CN1CCSc2ccc(Br)cc2C1,COc1ccc2c(c1)CN(C)CCS2,0.6739130434782609,2.7293543815612793
COc1ccc2c(c1)CN(C)CCS2,COc1ccc2c(c1)CN(C)CCS2,1.0,3.7922608852386475
